{"main":"sync-products-integration-db-sapi.raml","name":"sync-products-integration-db-sapi","groupId":"4f105f33-ac28-42d4-8771-e2e0cfeb419d","assetId":"sync-products-integration-db-sapi","version":"1.0.0","classifier":"raml","tags":[],"descriptorVersion":"1.0.0","organizationId":"4f105f33-ac28-42d4-8771-e2e0cfeb419d","apiVersion":"v1","originalFormatVersion":"1.0","metadata":{"projectId":"67334104-6e4a-4e5c-a47e-b6c31fdae200","branchId":"master","commitId":"e0780f447b8b71bf248149959edb1433aa667308"}}