{"main":"sync-product-integration-mail-sapi.raml","name":"sync-product-integration-mail-sapi","groupId":"4f105f33-ac28-42d4-8771-e2e0cfeb419d","assetId":"sync-product-integration-mail-sapi","version":"1.0.1","classifier":"raml","tags":[],"descriptorVersion":"1.0.0","organizationId":"4f105f33-ac28-42d4-8771-e2e0cfeb419d","apiVersion":"v1","originalFormatVersion":"1.0","metadata":{"projectId":"6de4bba6-149e-43b6-950c-03e7b81f383c","branchId":"master","commitId":"9d7042cc20db9c527460c7ee67a07dc1a5a97ddd"}}